Title,Link,Publish Date
FG tasks agencies on ease of doing business,https://www.nipc.gov.ng/2016/05/31/fg-tasks-agencies-on-ease-of-doing-business/, May 31 2016 
Ambassador of Sudan in Nigeria hosted the Management of NIPC,https://www.nipc.gov.ng/2016/08/30/ambassador-sudan-nigeria-hosted-management-nipc/, Aug 30 2016 
NIPC Hosting an Investment Delegation from Italy,https://www.nipc.gov.ng/2016/08/18/nipc-hosting-an-investment-delegation-from-italy/, Aug 18 2016 
"The Ag ES / CEO of NIPC, Hajiya Ladi Katagum visited the Management of Media Trust PLC,publishers of Daily Trust Newspapers.",https://www.nipc.gov.ng/2016/08/18/the-ag-es-ceo-of-nipc-hajiya-ladi-katagum-visited-the-management-of-media-trust-plcpublishers-of-daily-trust-newspapers/, Aug 18 2016 
"Ag ES / CEO of NIPC, Hajiya Ladi Katagum has been recognised by the Media Debate Initiative",https://www.nipc.gov.ng/2016/08/18/ag-es-ceo-of-nipc-hajiya-ladi-katagum-has-been-recognised-by-the-media-debate-initiative/, Aug 18 2016 
"CEO of NIPC, Hajiya Ladi Katagum alongside Honourable Minister of Power, Works and Housing, Hon. Raji Fashola",https://www.nipc.gov.ng/2016/08/18/ceo-of-nipc-hajiya-ladi-katagum-alongside-honourable-minister-of-power-works-and-housing-hon-raji-fashola/, Aug 18 2016 
"The Ag.ES / CEO of NIPC, Hajiya Ladi Katagum led the delegation to Minister of State",https://www.nipc.gov.ng/2016/08/18/nipc-lead-chinese-investors-on-visit-to-minister-of-state-ministry-of-foreign-affairs-hajiya-khadija-bukar-ibrahim/, Aug 18 2016 
Nigeria to Boost Manufacturing Industry for Economic Growth,https://www.nipc.gov.ng/2016/09/30/nigeria-boost-manufacturing-industry-economic-growth/, Sep 30 2016 
Yewande Sadiku is the New Executive Secretary for Nigeria Investment Promotion Commission,https://www.nipc.gov.ng/2016/09/30/yewande-sadiku-new-executive-secretary-nigeria-investment-promotion-commission/, Sep 30 2016 
Kaduna State Gov. Establishes Biggest Rice/Potato Plant in West Africa,https://www.nipc.gov.ng/2016/09/30/kaduna-state-governor-establishes-biggest-ricepotato-plant-west-africa/, Sep 30 2016 
Promasidor Nigeria to Boost Expansion with Over US$25 million,https://www.nipc.gov.ng/2016/09/30/promasidor-nigeria-to-boost-expansion-with-over-us25-million/, Sep 30 2016 
Dangote Group to Invest US$20 billion in Petrochemical and Fertiliser Projects,https://www.nipc.gov.ng/2016/09/30/dangote-group-to-invest-us20-billion-in-petrochemical-projects/, Sep 30 2016 
Africa: Agribusiness to yield US$1 trillion by 2030 – IFC,https://www.nipc.gov.ng/2016/09/30/agriculture-to-yield-1-trillion-by-2030/, Sep 30 2016 
Chinese Investors Endorse Air Peace Flight Operations and Seek Partnership,https://www.nipc.gov.ng/2016/09/30/chinese-investors-to-partner-air-peace/, Sep 30 2016 
Nigeria Unveils Strategy for Improving Ease of Doing Business,https://www.nipc.gov.ng/2016/09/29/nigeria-unveils-plans-on-ease-of-doing-business/, Sep 29 2016 
India to Invest $5 Billion dollars in Nigeria,https://www.nipc.gov.ng/2016/09/29/india-to-invest-5-billion-dollars-in-nigeria/, Sep 29 2016 
Nigeria and India sign MoU on Trade & Investment,https://www.nipc.gov.ng/2016/09/29/nigeria-and-india-sign-mou-on-trade-investment/, Sep 29 2016 
Nigeria Launches Initiative to Tackle Port Corruption,https://www.nipc.gov.ng/2016/09/12/nigeria-launches-initiative-tackle-port-corruption/, Sep 12 2016 
Nigeria Offers Three-Year Tax Holiday to Mining Investors,https://www.nipc.gov.ng/2016/09/12/nigeria-offers-three-year-tax-holiday-mining-investors/, Sep 12 2016 
Nigeria Targets US$5 billion Output in Cassava Sector By 2021,https://www.nipc.gov.ng/2016/09/12/nigeria-targets-us5-billion-output-cassava-sector-2021/, Sep 12 2016 
NIPC Unveils Investment Promotion for Education Sector,https://www.nipc.gov.ng/2016/09/08/nipc-unveils-investment-promotion-education-sector/, Sep 08 2016 
Why Nigeria’s Recession is Turning Out To Be A Blessing,https://www.nipc.gov.ng/2016/09/08/nigerias-recession-turning-blessing/, Sep 08 2016 
Telecommunications Sector Investments Hits US$68 billion,https://www.nipc.gov.ng/2016/09/08/telecommunications-sector-investments-hits-us68-billion/, Sep 08 2016 
Nigerian Vice President Speaks on Improving Nigeria’s Investment Climate,https://www.nipc.gov.ng/2016/09/08/nigerian-vice-president-speaks-improving-nigerias-investment-climate/, Sep 08 2016 
"Dangote to Invest US$170 million in Rice, Sugar Production in Nasarawa State",https://www.nipc.gov.ng/2016/09/05/dangote-invest-us170-million-rice-sugar-production-nasarawa-state/, Sep 05 2016 
Nigeria to Partner With Facebook to Improve ICT in Africa,https://www.nipc.gov.ng/2016/09/05/nigeria-partner-facebook-improve-ict-africa/, Sep 05 2016 
Portfolio Investment: The Central Bank of Nigeria (CBN) Amends Forex Manual,https://www.nipc.gov.ng/2016/09/05/portfolio-investment-central-bank-nigeria-amends-forex-manual/, Sep 05 2016 
Gas Policy to be out for use this year – Petroleum Minister,https://www.nipc.gov.ng/2016/10/31/7304-2/, Oct 31 2016 
"Unity Bank grows assets, posts N3.8 Bn Profit before tax",https://www.nipc.gov.ng/2016/10/31/unity-bank-grows-assets-posts-n3-8-bn-profit-tax/, Oct 31 2016 
Federal Government Establishes Presidential Council on Ease of Doing Business,https://www.nipc.gov.ng/2016/10/31/federal-government-establishes-presidential-council-ease-business/, Oct 31 2016 
Nigeria’s Forex Policy Boosting Cassava Production,https://www.nipc.gov.ng/2016/10/31/nigerias-forex-policy-boosting-cassava-production/, Oct 31 2016 
Lagos State is Africa’s 5th Largest Economy,https://www.nipc.gov.ng/2016/10/31/lagos-state-africas-5th-largest-economy/, Oct 31 2016 
UK Investors Offer $1.5bn for Nigerian Domestic League,https://www.nipc.gov.ng/2016/10/31/uk-investors-offer-1-5bn-nigerian-domestic-league/, Oct 31 2016 
Analysis: Unlocking Nigeria’s Agriculture Value Chain through Innovation,https://www.nipc.gov.ng/2016/10/31/analysis-unlocking-nigerias-agriculture-value-chain-innovation/, Oct 31 2016 
$2.6B Badagry Deep Sea port and free zone will Boost Economy,https://www.nipc.gov.ng/2016/10/31/b2-6-billion-port-and-free-zone-will-boost-economy/, Oct 31 2016 
Agriculture the future of Nigerian Economy (VIDEO),https://www.nipc.gov.ng/2016/10/31/agriculture-future-nigerian-economy-video/, Oct 31 2016 
Innoson Secures $300 million Foreign Investment Credit Facility,https://www.nipc.gov.ng/2016/10/29/innoson-secures-300-million-foreign-investment-credit-facility/, Oct 29 2016 
Africa is the Place for Investment,https://www.nipc.gov.ng/2016/10/29/africa-place-investment/, Oct 29 2016 
7 BENEFITS of the Petroleum Industry Road-map,https://www.nipc.gov.ng/2016/10/28/7-benefits-petroleum-industry-road-map/, Oct 28 2016 
Nigeria to licence the Private sector to build Refineries,https://www.nipc.gov.ng/2016/10/28/nigeria-licence-private-sector-build-refineries/, Oct 28 2016 
Exxon Mobil discovers 1 billion barrels of crude oil in Bayelsa,https://www.nipc.gov.ng/2016/10/28/exxon-mobil-discovers-1-billion-barrels-crude-oil-bayelsa/, Oct 28 2016 
10 US$Billion Infrastructural Investment Programmes in the Niger Delta,https://www.nipc.gov.ng/2016/10/28/10-usbillion-infrastructural-investment-programmes-niger-delta/, Oct 28 2016 
N30b agro-industrial town plan in FCT,https://www.nipc.gov.ng/2016/10/28/n30b-agro-industrial-town-plan-fct/, Oct 28 2016 
NIPC Receives Investment Delegation from Pakistan,https://www.nipc.gov.ng/2016/10/28/nipc-receives-investment-delegation-pakistan/, Oct 28 2016 
Petroleum: Nigeria draws new Roadmap,https://www.nipc.gov.ng/2016/10/28/petroleum-nigeria-draws-new-roadmap/, Oct 28 2016 
Nigeria Will Always Come Out Stronger from Challenges – Danish Envoy,https://www.nipc.gov.ng/2016/10/28/nigeria-will-always-come-stronger-challenges-danish-envoy/, Oct 28 2016 
Sweden Seeks Increase in Trade Volume with Nigeria,https://www.nipc.gov.ng/2016/10/28/sweden-seeks-increase-trade-volume-nigeria/, Oct 28 2016 
Nigeria Targets $50 billion ICT Investment by 2018,https://www.nipc.gov.ng/2016/10/28/nigeria-targets-50-billion-ict-investment-2018/, Oct 28 2016 
Nigerian Business Climate is Conducive for Investments,https://www.nipc.gov.ng/2016/10/27/nigerian-business-climate-conducive-investments/, Oct 27 2016 
"[Interview] Open Africa: ICT, Africa’s Silver Lining",https://www.nipc.gov.ng/2016/10/27/interview-open-africa-ict-africas-silver-lining/, Oct 27 2016 
"Nigeria Set to Resume Vaccine Production, Eyes Export to African Countries",https://www.nipc.gov.ng/2016/10/27/nigeria-set-resume-vaccine-production-eyes-export-african-countries/, Oct 27 2016 
World Bank Report: Government’s Reform Initiatives,https://www.nipc.gov.ng/2016/10/27/7191-2/, Oct 27 2016 
Nigeria to Drive West Africa’s Green Energy Bond,https://www.nipc.gov.ng/2016/10/26/nigeria-drive-west-africas-green-energy-bond/, Oct 26 2016 
"Swedish Investors Explore Opportunities in Power, Mining Sectors in the Economy",https://www.nipc.gov.ng/2016/10/26/swedish-investors-explore-opportunities-power-mining-sectors-economy/, Oct 26 2016 
Government to Reduce Number of Agencies at Ports,https://www.nipc.gov.ng/2016/10/26/government-reduce-number-agencies-ports/, Oct 26 2016 
"Huawei:  Why We Established Innovation, Experience Centre – Frank Li",https://www.nipc.gov.ng/2016/10/26/huawei-established-innovation-experience-centre-frank-li/, Oct 26 2016 
Nigeria recieves Chinese investors set to invest $1 billion in IT sector,https://www.nipc.gov.ng/2016/10/26/nigeria-recieves-chinese-investors-set-invest-1-billion-sector/, Oct 26 2016 
NIPC Ag. ES at the Public Private Dialogue on Port Efficiency and Maritime Sector Roadmap,https://www.nipc.gov.ng/2016/10/25/nipc-ag-es-public-private-dialogue-port-efficiency-maritime-sector-roadmap/, Oct 25 2016 
IMF Report on Nigeria to Reassure Investors,https://www.nipc.gov.ng/2016/10/25/imf-report-nigeria-reassure-investors/, Oct 25 2016 
Gionee to Invest $12 million in Nigeria,https://www.nipc.gov.ng/2016/10/25/gionee-invest-12-million-nigeria/, Oct 25 2016 
FG to Develop Efficient Transport Sector,https://www.nipc.gov.ng/2016/10/25/fg-develop-efficient-transport-sector/, Oct 25 2016 
42 Foreign Investors to Arrive Nigeria by February 2017,https://www.nipc.gov.ng/2016/10/25/42-foreign-investors-arrive-nigeria-february-2017/, Oct 25 2016 
FG Pursuing Plan for Manufacturing and Production of Goods in Nigeria,https://www.nipc.gov.ng/2016/10/25/fg-pursuing-plan-manufacturing-production-goods-nigeria/, Oct 25 2016 
Dangote Group Expanding Operations Despite Recession,https://www.nipc.gov.ng/2016/10/25/dangote-group-expanding-operations-despite-recession/, Oct 25 2016 
Nigeria Showcases 16 Startups at GITEX Technology Week,https://www.nipc.gov.ng/2016/10/23/nigeria-showcases-16-startups-gitex-technology-week/, Oct 23 2016 
Innoson Group Partners Chinese Investors for $1 billion Investment into ICT,https://www.nipc.gov.ng/2016/10/23/innoson-group-partners-chinese-investors-1-billion-investment-ict/, Oct 23 2016 
Chinese Investors Want to Invest More in Nigeria,https://www.nipc.gov.ng/2016/10/23/chinese-investors-want-invest-nigeria/, Oct 23 2016 
Improving Ease of Trading Across Borders High Priority for Federal Government,https://www.nipc.gov.ng/2016/10/23/improving-ease-trading-across-borders-high-priority-federal-government/, Oct 23 2016 
Nigeria to Become Regional Aviation Hub,https://www.nipc.gov.ng/2016/10/23/nigeria-become-regional-aviation-hub/, Oct 23 2016 
United States Committed to Supporting Northern Nigeria Development,https://www.nipc.gov.ng/2016/10/23/united-states-committed-supporting-northern-nigeria-development/, Oct 23 2016 
Dangote Sees Agriculture as Having Biggest Growth Potential,https://www.nipc.gov.ng/2016/10/22/dangote-sees-agriculture-biggest-growth-potential/, Oct 22 2016 
Over $94.6 billion e-Payment Transactions Carried Out Yearly in Nigeria,https://www.nipc.gov.ng/2016/10/22/94-6-billion-e-payment-transactions-carried-yearly-nigeria/, Oct 22 2016 
Nigeria’s Food Industry Worth Over $3.2 billion,https://www.nipc.gov.ng/2016/10/22/nigerias-food-industry-worth-3-2-billion/, Oct 22 2016 
FG to Partner European Union on Science and Technology,https://www.nipc.gov.ng/2016/10/22/fg-partner-eu-science-technology/, Oct 22 2016 
Upcoming Nigeria Mining Week to Address Realities of Investing in Mining Sector,https://www.nipc.gov.ng/2016/10/22/upcoming-nigeria-mining-week-address-realities-investing-mining-sector/, Oct 22 2016 
Spain to Set Up Manufacturing Companies in Nigeria,https://www.nipc.gov.ng/2016/10/21/spain-set-manufacturing-companies-nigeria/, Oct 21 2016 
Airbus to Establish Office in Nigeria,https://www.nipc.gov.ng/2016/10/21/airbus-establish-office-nigeria/, Oct 21 2016 
NIPC to Participate at Turkey-Africa Economic and Business Forum,https://www.nipc.gov.ng/2016/10/21/nipc-participate-turkey-africa-economic-business-forum/, Oct 21 2016 
Bosch Group Plans Training Centre in Nigeria,https://www.nipc.gov.ng/2016/10/21/bosch-group-plans-training-centre-nigeria/, Oct 21 2016 
Chinese Businessmen Desperate to Invest in Nigeria,https://www.nipc.gov.ng/2016/10/20/chinese-businessmen-desperate-invest-nigeria/, Oct 20 2016 
German Government Pledges to Invest in Renewable Energy,https://www.nipc.gov.ng/2016/10/20/german-government-pledges-invest-renewable-energy/, Oct 20 2016 
"Uber Booms in Nigeria, Eyes Expansion to Francophone West Africa",https://www.nipc.gov.ng/2016/10/20/uber-booms-nigeria-eyes-expansion-francophone-west-africa/, Oct 20 2016 
High Hopes on CBN’s Fine-tuning of Forex Policy,https://www.nipc.gov.ng/2016/10/20/high-hopes-cbns-fine-tuning-forex-policy/, Oct 20 2016 
Nigeria’s economy to Hit $1.45 Trillion in 14 Years – PWC,https://www.nipc.gov.ng/2016/10/19/nigerias-economy-hit-1-45-trillion-14-years-pwc/, Oct 19 2016 
Huawei To Drive FDI In Africa With Safe City ICT Projects,https://www.nipc.gov.ng/2016/10/19/huawei-drive-fdi-africa-safe-city-ict-projects-2/, Oct 19 2016 
Nigeria Seals US$15 billion Oil and Gas Deal with India,https://www.nipc.gov.ng/2016/10/19/nigeria-seals-15-billion-oil-gas-deal-india/, Oct 19 2016 
The Nigerian ICT Sector: A Haven For Investors,https://www.nipc.gov.ng/2016/10/19/nigerian-ict-sector-haven-investors/, Oct 19 2016 
IMF Affirms Nigeria as Africa’s Largest Economy,https://www.nipc.gov.ng/2016/10/19/imf-affirms-nigeria-africas-largest-economy/, Oct 19 2016 
Foreign Exchange Life-line for Airlines in Nigeria,https://www.nipc.gov.ng/2016/10/18/foreign-exchange-life-line-airlines-nigeria/, Oct 18 2016 
Bosch Strengthens Foothold in Nigeria,https://www.nipc.gov.ng/2016/10/18/bosch-strengthens-foothold-nigeria/, Oct 18 2016 
Minister of Mines and Steel Development Interviewed by Oxford Business Group,https://www.nipc.gov.ng/2016/10/18/minister-mines-steel-development-interviewed-oxford-business-group/, Oct 18 2016 
Cashew Industry Holds Immense Opportunities for Investors,https://www.nipc.gov.ng/2016/10/18/cashew-industry-holds-immense-opportunities-investors/, Oct 18 2016 
"Despite Recession, Business is Good in Nigeria",https://www.nipc.gov.ng/2016/10/18/despite-recession-business-good-nigeria/, Oct 18 2016 
Nigerian Market is Still the Best in Africa,https://www.nipc.gov.ng/2016/10/18/nigerian-market-still-best-africa/, Oct 18 2016 
Buhari Seeks Economic Ties with Germany,https://www.nipc.gov.ng/2016/10/18/buhari-seeks-economic-ties-germany/, Oct 18 2016 
Nigeria is a Key Market for Telecommunications Growth,https://www.nipc.gov.ng/2016/10/17/nigeria-key-market-telecommunications-growth/, Oct 17 2016 
Mining reforms to Add $27bn to Nigeria’s GDP by 2025,https://www.nipc.gov.ng/2016/10/17/mining-reforms-add-27bn-nigerias-gdp-2025/, Oct 17 2016 
Federal Government Remains Committed to Review of Automotive Policy,https://www.nipc.gov.ng/2016/10/17/federal-government-remains-committed-review-automotive-policy/, Oct 17 2016 
Canon Ready to Expand Frontiers Across Nigeria,https://www.nipc.gov.ng/2016/10/17/canon-ready-expand-frontiers-across-nigeria/, Oct 17 2016 
GAC Motors SKD Project Kicks Off in Nigeria,https://www.nipc.gov.ng/2016/10/17/gac-motors-skd-project-kicks-off-nigeria/, Oct 17 2016 
Nigeria to Reform Gas Policy to Attract Investors,https://www.nipc.gov.ng/2016/10/17/nigeria-reform-gas-policy-attract-investors/, Oct 17 2016 
"Abraaj buys stake in Indorama, Nigeria’s largest urea fertiliser manufacturer",https://www.nipc.gov.ng/2016/10/15/abraaj-buys-stake-indorama-nigerias-largest-urea-fertiliser-manufacturer/, Oct 15 2016 
"Badagry visitors’ bureau unveils investment, tourism plans for 2017",https://www.nipc.gov.ng/2016/10/15/badagry-visitors-bureau-unveils-investment-tourism-plans-2017/, Oct 15 2016 
Delta State Woos Investors With Promise of High Returns,https://www.nipc.gov.ng/2016/10/15/delta-state-woos-investors-promise-high-returns/, Oct 15 2016 
Vietnam Ready to Help Nigeria Develop Non-Oil Sector,https://www.nipc.gov.ng/2016/10/15/vietnam-ready-help-nigeria-develop-non-oil-sector/, Oct 15 2016 
Nigeria is Working on Policies to Support Locally Made Products,https://www.nipc.gov.ng/2016/10/15/nigeria-working-policies-support-locally-made-products/, Oct 15 2016 
Dangote Starts Construction of $2 billion Fertilizer Plant,https://www.nipc.gov.ng/2016/10/15/dangote-starts-construction-2-billion-fertilizer-plant/, Oct 15 2016 
"Investors Confidence in Nigeria Rises, as Abraaj Acquires Stake in Fertilizer Plant",https://www.nipc.gov.ng/2016/10/15/investors-confidence-nigeria-rises-abraaj-acquires-stake-fertilizer-plant/, Oct 15 2016 
Power Sector Reform Yields $2.4 billion Investment Inflow,https://www.nipc.gov.ng/2016/10/15/power-sector-reform-yields-2-4-billion-investment-inflow/, Oct 15 2016 
Okey Enalamah Speaks on FG’s Strategy to Attract Investments,https://www.nipc.gov.ng/2016/10/14/okey-enalamah-speaks-fgs-strategy-attract-investments/, Oct 14 2016 
A Different Approach to Technology Investments in Africa,https://www.nipc.gov.ng/2016/10/14/different-approach-technology-investments-africa/, Oct 14 2016 
Nigeria’s Healthcare Sector Mature for Long-term Investments,https://www.nipc.gov.ng/2016/10/14/nigerias-healthcare-sector-mature-long-term-investments/, Oct 14 2016 
Focus on Investment into Africa’s Hotel Industry,https://www.nipc.gov.ng/2016/10/14/focus-investment-africas-hotel-industry/, Oct 14 2016 
Cross River State Has Attracted $4 billion Investment,https://www.nipc.gov.ng/2016/10/14/cross-river-state-attracted-4-billion-investment/, Oct 14 2016 
Nigerian Tax Laws Examined to Improve Ease of Doing Business,https://www.nipc.gov.ng/2016/10/13/tax-laws-ease-business-nigeria-examined/, Oct 13 2016 
Nigeria Among Top African Countries Attracting GCC Investors,https://www.nipc.gov.ng/2016/10/13/nigeria-among-top-african-countries-attracting-gcc-investors/, Oct 13 2016 
FG Assures Investors of Improvement of Business Environment in Nigeria,https://www.nipc.gov.ng/2016/10/13/fg-assures-investors-improvement-business-environment-nigeria/, Oct 13 2016 
Healthcare Providers Look Beyond Medical Tourism to a Promising African Market,https://www.nipc.gov.ng/2016/10/13/healthcare-providers-look-beyond-medical-tourism-promising-african-market/, Oct 13 2016 
Nigerian Central Bank Committed to Exchange Rate Stability,https://www.nipc.gov.ng/2016/10/13/nigerian-central-bank-committed-exchange-rate-stability/, Oct 13 2016 
Unilever Commits to Building Nigeria’s Manufacturing Sector,https://www.nipc.gov.ng/2016/10/13/unilever-commits-building-nigerias-manufacturing-sector/, Oct 13 2016 
NICPS Information Standards Launched in Ogun State,https://www.nipc.gov.ng/2016/10/12/nicps-information-standards-launched-ogun-state/, Oct 12 2016 
China to Share ICT Experience with Nigeria to Grow Economy,https://www.nipc.gov.ng/2016/10/12/china-share-ict-experience-nigeria-grow-economy/, Oct 12 2016 
Solar Energy in Africa Comes of Age as Costs Reach Grid Parity,https://www.nipc.gov.ng/2016/10/12/solar-energy-africa-comes-age-costs-reach-grid-parity/, Oct 12 2016 
US Investors and Incubators Explore Nigeria’s Tech Potentials,https://www.nipc.gov.ng/2016/10/12/us-investors-incubators-explore-nigerias-tech-potentials/, Oct 12 2016 
FG Reviews Curriculum for Automotive Technicians,https://www.nipc.gov.ng/2016/10/12/fg-reviews-curriculum-automotive-technicians/, Oct 12 2016 
World Leading Tobacco Company to Commence Manufacturing in Nigeria,https://www.nipc.gov.ng/2016/10/12/world-leading-tobacco-company-commence-manufacturing-nigeria/, Oct 12 2016 
GE Confirms Interest in $2 billion Nigerian Railway Investment,https://www.nipc.gov.ng/2016/10/12/ge-confirms-interest-2-billion-nigerian-railway-investment/, Oct 12 2016 
United States Restates Commitment to Nigeria’s Economic Growth and Stability,https://www.nipc.gov.ng/2016/10/11/united-states-restates-commitment-nigerias-economic-growth-stability/, Oct 11 2016 
Huawei to Sign Joint Innovation MoU with Nigerian University for Training,https://www.nipc.gov.ng/2016/10/11/huawei-sign-joint-innovation-mou-nigerian-university-training/, Oct 11 2016 
Dangote Moves to Rejuvenate Rice Production in Nigeria,https://www.nipc.gov.ng/2016/10/11/dangote-moves-rejuvenate-rice-production-nigeria/, Oct 11 2016 
Malaysian Firm Boosts Nigeria’s Energy Supply with $2.5 billion,https://www.nipc.gov.ng/2016/10/11/malaysian-firm-boosts-nigerias-energy-supply-2-5-billion/, Oct 11 2016 
Free Trade Zones Attract $77 billion Investment,https://www.nipc.gov.ng/2016/10/11/free-trade-zones-attract-77-billion-investment/, Oct 11 2016 
Nigerian Music Industry to Be Worth US$86 million by 2020,https://www.nipc.gov.ng/2016/10/09/nigerian-music-industry-worth-us86-million-2020/, Oct 09 2016 
Huawei Launches Innovation Centre in Nigeria,https://www.nipc.gov.ng/2016/10/09/huawei-launches-innovation-centre-nigeria/, Oct 09 2016 
Canon Opens First West African Office in Nigeria,https://www.nipc.gov.ng/2016/10/09/canon-opens-first-west-african-office-nigeria/, Oct 09 2016 
NIPC/ European Union to Attract Investment into Nigeria,https://www.nipc.gov.ng/2016/10/09/nipc-european-union-attract-investment-nigeria/, Oct 09 2016 
"CEOs Sought Meetings with Buhari in New York, Eye Investment Deals",https://www.nipc.gov.ng/2016/10/09/ceos-sought-meetings-buhari-new-york-eye-investment-deals/, Oct 09 2016 
Central Bank Opens Talks with Foreign Investors to Boost Economy,https://www.nipc.gov.ng/2016/10/08/central-bank-opens-talks-foreign-investors-boost-economy/, Oct 08 2016 
Abundant Investment Opportunities in Nigeria’s Sugar Industry,https://www.nipc.gov.ng/2016/10/08/nsdc-targets-1-79million-metric-tonnes-sugar-2023/, Oct 08 2016 
Nigeria Welcomes Foreign Technical Assistance for Local Industries,https://www.nipc.gov.ng/2016/10/08/nigeria-welcomes-foreign-technical-assistance-local-industries/, Oct 08 2016 
Africa’s Prospects Strong Despite Headwinds – McKinsey,https://www.nipc.gov.ng/2016/10/08/africas-prospects-strong-despite-headwinds-mckinsey/, Oct 08 2016 
Plateau State to Partner South Africa on Tourism,https://www.nipc.gov.ng/2016/10/08/plateau-state-partner-south-africa-tourism/, Oct 08 2016 
Hilton Signs Agreement to Open Hotel in Lagos,https://www.nipc.gov.ng/2016/10/08/hilton-signs-agreement-open-hotel-lagos-2/, Oct 08 2016 
United States Pledges to Assist Nigeria Achieve Economic Stability,https://www.nipc.gov.ng/2016/10/07/united-states-pledges-assist-nigeria-achieve-economic-stability/, Oct 07 2016 
London Companies See Huge Opportunities in Nigeria,https://www.nipc.gov.ng/2016/10/07/london-companies-see-huge-opportunities-nigeria/, Oct 07 2016 
Federal Government to Set Up 6 ICT Hubs,https://www.nipc.gov.ng/2016/10/07/federal-government-set-6-ict-hubs/, Oct 07 2016 
Nigeria Makes Progress in Releasing ‘Untapped Potential’ in Palm Oil,https://www.nipc.gov.ng/2016/10/07/nigeria-makes-progress-releasing-untapped-potential-palm-oil/, Oct 07 2016 
Tony Elumelu Injects US$100 million to Lift Creative Arts Industry,https://www.nipc.gov.ng/2016/10/06/tony-elumelu-injects-100m-lift-creative-arts-industry/, Oct 06 2016 
"Minister of Industry, Trade and Investment Interviewed on BBC Hardtalk",https://www.nipc.gov.ng/2016/10/06/minister-industry-trade-investment-interviewed-bbc-hardtalk/, Oct 06 2016 
DP World to Develop Logistics Capabilities in Africa,https://www.nipc.gov.ng/2016/10/06/dp-world-develop-logistics-capabilities-africa/, Oct 06 2016 
Chinese Companies to Invest US$70 billion in Nigeria’s Oil and Gas,https://www.nipc.gov.ng/2016/10/06/chinese-companies-invest-us70-billion-nigerias-oil-gas/, Oct 06 2016 
Tecno to Set Up Manufacturing Plant in Nigeria,https://www.nipc.gov.ng/2016/10/06/tecno-set-manufacturing-plant-nigeria/, Oct 06 2016 
"Nigeria is Secure for Business, FG Assures Investors",https://www.nipc.gov.ng/2016/10/06/nigeria-secure-business-fg-assures-investors/, Oct 06 2016 
"Central Bank of Nigeria Prioritises Price Stability, Luring Investors for Growth",https://www.nipc.gov.ng/2016/10/05/central-bank-nigeria-prioritises-price-stability-luring-investors-growth/, Oct 05 2016 
Outsourcing adds US$300 million to Nigerian Economy Annually,https://www.nipc.gov.ng/2016/10/05/outsourcing-adds-us300-million-nigerian-economy-annually/, Oct 05 2016 
FG Partners Tony Elumelu Foundation to Reposition Nigeria’s Creative Industry,https://www.nipc.gov.ng/2016/10/05/fg-partners-tony-elumelu-foundation-reposition-nigerias-creative-industry/, Oct 05 2016 
Nigeria is a Rising Global Business Hub,https://www.nipc.gov.ng/2016/10/05/nigeria-rising-global-business-hub/, Oct 05 2016 
Guinness Reiterates Commitment to Grow Investment in Nigeria,https://www.nipc.gov.ng/2016/10/05/guinness-reiterates-commitment-grow-investment-nigeria/, Oct 05 2016 
"Nigeria Improves Mining Sector, Targets US$25 billion Output",https://www.nipc.gov.ng/2016/10/04/nigeria-improves-mining-sector-targets-us25-billion-output/, Oct 04 2016 
Nigeria Remains Investment Hub in Africa,https://www.nipc.gov.ng/2016/10/04/nigeria-remains-investment-hub-africa/, Oct 04 2016 
"Turkey to Train 50,000 Artisans in Abia State",https://www.nipc.gov.ng/2016/10/03/turkey-train-50000-artisans-abia-state/, Oct 03 2016 
Gulf Investments in Sub-Saharan Africa Grow,https://www.nipc.gov.ng/2016/10/03/gulf-investments-sub-saharan-africa-grow/, Oct 03 2016 
General Electric to Invest US$150 million in Nigeria,https://www.nipc.gov.ng/2016/10/03/general-electric-invest-us150-million-nigeria/, Oct 03 2016 
Nigeria to Partner with Ireland on Research and Innovation,https://www.nipc.gov.ng/2016/10/03/nigeria-partner-ireland-research-innovation/, Oct 03 2016 
Federal Government Stimulating Growth in Pharmaceutical Industry,https://www.nipc.gov.ng/2016/10/03/federal-government-stimulating-growth-pharmaceutical-industry/, Oct 03 2016 
Cross River Govt. Maps Out 360 Ha for Cassava Cultivation,https://www.nipc.gov.ng/2016/10/03/cross-river-govt-maps-360-ha-cassava-cultivation/, Oct 03 2016 
African Clean Energy Hub to be Set Up in Nigeria,https://www.nipc.gov.ng/2016/10/03/african-clean-energy-hub-set-nigeria/, Oct 03 2016 
European Union Partners Nigeria in Diversifying Economy,https://www.nipc.gov.ng/2016/10/03/european-union-partners-nigeria-diversifying-economy/, Oct 03 2016 
Ingressive Plans Major Investment in Nigeria’s IT Ecosystem,https://www.nipc.gov.ng/2016/10/03/ingressive-plans-major-investment-nigerias-ecosystem/, Oct 03 2016 
China to Improve Economic Ties with Nigeria,https://www.nipc.gov.ng/2016/10/03/china-improve-economic-ties-nigeria/, Oct 03 2016 
GE Restates Commitment to Invest US$2 billion in Africa by 2018,https://www.nipc.gov.ng/2016/10/02/ge-restates-commitment-invest-us2-billion-africa-2018/, Oct 02 2016 
Caterpillar to Invest US$1 billion in Nigeria and Other African Countries,https://www.nipc.gov.ng/2016/10/02/caterpillar-invest-us1-billion-nigeria-african-countries/, Oct 02 2016 
Nigeria to Partner with Chinese Investors on Infrastructure Development,https://www.nipc.gov.ng/2016/10/02/nigeria-partner-chinese-investors-infrastructure-development/, Oct 02 2016 
Nigeria Woos UK Investors in Transport Sector,https://www.nipc.gov.ng/2016/11/30/nigeria-woos-uk-investors-transport-sector/, Nov 30 2016 
NIPC Partners NAITEOC for the International BPO Conference 2016,https://www.nipc.gov.ng/2016/11/30/nipc-partners-naiteoc-international-bpo-conference-2016/, Nov 30 2016 
Nigeria Records Landmark Achievement with Establishment of National Collateral Registry,https://www.nipc.gov.ng/2016/11/30/nigeria-records-landmark-achievement/, Nov 30 2016 
Dangote Sugar Intensifies Effort In Ensuring Self-sufficiency,https://www.nipc.gov.ng/2016/11/30/dangote-sugar-intensifies-effort-ensuring-self-sufficiency/, Nov 30 2016 
Firm to Invest $40 Million to End Gridlocks At Lagos Ports,https://www.nipc.gov.ng/2016/11/30/firm-invest-40-million-end-gridlocks-lagos-ports/, Nov 30 2016 
How Lagos Emerged Fifth Largest Economy In Africa,https://www.nipc.gov.ng/2016/11/30/lagos-emerged-fifth-largest-economy-africa/, Nov 30 2016 
Nigeria Records Over $200 Million Financial Technology Investment in 2 Years,https://www.nipc.gov.ng/2016/11/29/nigeria-records-200-million-financial-technology-investment-2-years/, Nov 29 2016 
Islamic Development Bank to invest $35 Million in Jigawa,https://www.nipc.gov.ng/2016/11/29/islamic-development-bank-invest-35-million-jigawa/, Nov 29 2016 
"Northern Governors, General Electric Sign MoU for 5 Power Plants",https://www.nipc.gov.ng/2016/11/29/northern-governors-general-electric-sign-mou-5-power-plants/, Nov 29 2016 
Telecoms Sector Adds N1.4 Trillion to GDP in Third Quarter 2016,https://www.nipc.gov.ng/2016/11/29/telecoms-sector-adds-n1-4-trillion-gdp-third-quarter-2016/, Nov 29 2016 
"Experts See Bright Economic Outlook, Predict Growth in 2017",https://www.nipc.gov.ng/2016/11/29/experts-see-bright-economic-outlook-predict-growth-2017/, Nov 29 2016 
Nigerian Breweries Investments Hit N243 Billion,https://www.nipc.gov.ng/2016/11/29/nigerian-breweries-investments-hit-n243-billion/, Nov 29 2016 
Nigerians will Start Witnessing Huge Direct Foreign Investments in 2017,https://www.nipc.gov.ng/2016/11/28/nigerians-will-start-witnessing-huge-direct-foreign-investments-2017/, Nov 28 2016 
FG Committed to Manufacturers in Anambra,https://www.nipc.gov.ng/2016/11/28/fg-committed-manufacturers-anambra/, Nov 28 2016 
"FG Commits N51.4 Million to Industrial Clusters, SEZs development",https://www.nipc.gov.ng/2016/11/28/fg-commits-n51-4-million-industrial-clusters-sezs-development/, Nov 28 2016 
Presidency Announces Slight Growth in Non Oil Sector,https://www.nipc.gov.ng/2016/11/28/presidency-announces-slight-growth-non-oil-sector/, Nov 28 2016 
"FG’s Fiscal Roadmap will Boost Revenue, GDP",https://www.nipc.gov.ng/2016/11/28/fgs-fiscal-roadmap-will-boost-revenue-gdp/, Nov 28 2016 
Agip To Invest More In Green River Project In Niger Delta,https://www.nipc.gov.ng/2016/11/26/agip-invest-green-river-project-niger-delta/, Nov 26 2016 
USAID to Invest $4 Million in Solar Start Ups,https://www.nipc.gov.ng/2016/11/26/usaid-invest-4-million-solar-start-ups/, Nov 26 2016 
"Lagos, GE Pledge to Boost Economy Through SMEs",https://www.nipc.gov.ng/2016/11/26/lagos-ge-pledge-boost-economy-smes/, Nov 26 2016 
Federal Government Plans Tax Relief for Manufacturers,https://www.nipc.gov.ng/2016/11/26/federal-government-plans-tax-relief-manufacturers/, Nov 26 2016 
Opening Nigerian Ports to Public Scrutiny,https://www.nipc.gov.ng/2016/11/26/opening-nigerian-ports-public-scrutiny/, Nov 26 2016 
Germany Trains Youths in Mechanical Skills,https://www.nipc.gov.ng/2016/11/26/germany-trains-youths-mechanical-skills/, Nov 26 2016 
China to Invest $750 Billion in Nigeria,https://www.nipc.gov.ng/2016/11/26/china-invest-750-billion-nigeria/, Nov 26 2016 
French Development Agency to Invest $30 Million in Ogun,https://www.nipc.gov.ng/2016/11/25/french-development-agency-invest-30-million-ogun/, Nov 25 2016 
German Firm to Commence Construction of Solar Farm in Adamawa,https://www.nipc.gov.ng/2016/11/25/german-firm-commence-construction-solar-farm-adamawa/, Nov 25 2016 
New Technology Hub Makes Debut in Lagos,https://www.nipc.gov.ng/2016/11/25/new-technology-hub-makes-debut-lagos/, Nov 25 2016 
Senate Moves To Amend Companies Income Tax Act,https://www.nipc.gov.ng/2016/11/25/senate-moves-amend-companies-income-tax-act/, Nov 25 2016 
Aramex to Partner Nigeria on Technology Transfer,https://www.nipc.gov.ng/2016/11/25/aramex-partner-nigeria-technology-transfer/, Nov 25 2016 
Borno Government Allocates Land for Proposed Dry Port,https://www.nipc.gov.ng/2016/11/25/borno-government-allocates-land-proposed-dry-port/, Nov 25 2016 
"Nigeria, Israel and Argentina to Train Niger Delta ex-Agitators on Agriculture",https://www.nipc.gov.ng/2016/11/24/nigeria-israel-argentina-train-niger-delta-ex-agitators-agriculture/, Nov 24 2016 
"GE Launches ‘Garages’ Advanced Manufacturing Program in Lagos, Nigeria",https://www.nipc.gov.ng/2016/11/24/ge-launches-garages-advanced-manufacturing-program-lagos-nigeria/, Nov 24 2016 
Nigerian Content Attracts U$2 Billion Investment in Oil and Gas Sector,https://www.nipc.gov.ng/2016/11/24/nigerian-content-attracts-u2-billion-investment-oil-gas-sector/, Nov 24 2016 
Nigeria’s Lemonade Kings Who Turned $10 Into Millions,https://www.nipc.gov.ng/2016/11/24/nigeria-lemonade-kings-millions/, Nov 24 2016 
Telecoms Investment in Nigeria Hits $68 Billion,https://www.nipc.gov.ng/2016/11/24/telecoms-investment-nigeria-hits-68-billion/, Nov 24 2016 
"Transparency, Reforms in Oil Sector to Attract $100 Billion Investment",https://www.nipc.gov.ng/2016/11/24/transparency-reforms-oil-sector-attract-100-billion-investment/, Nov 24 2016 
"Government Moves to Boost Fish Production, Value-chain",https://www.nipc.gov.ng/2016/11/24/government-moves-boost-fish-production-value-chain/, Nov 24 2016 
Business Mogul to Invest $500 Million in Renewable Energy in Jigawa State,https://www.nipc.gov.ng/2016/11/23/business-mogul-invest-500-million-renewable-energy-jigawa-state/, Nov 23 2016 
Nigeria’s Non-Oil Economy Records Slight Growth,https://www.nipc.gov.ng/2016/11/23/nigerias-non-oil-economy-records-slight-growth/, Nov 23 2016 
Nigeria & Dangote Group Sign N11.5bn Contract for Concrete Road Project in Kogi,https://www.nipc.gov.ng/2016/11/23/nigeria-dangote-group-sign-n11-5bn-contract-concrete-road-project-kogi/, Nov 23 2016 
Nigeria’s 2017 Budget Primed to Stimulate Investment,https://www.nipc.gov.ng/2016/11/23/nigerias-2017-budget-primed-stimulate-investment/, Nov 23 2016 
AFREXIM Invests $3.8 Billion in Nigeria’s Economy,https://www.nipc.gov.ng/2016/11/23/afrexim-invests-3-8-billion-nigerias-economy/, Nov 23 2016 
Lagos to Begin Health Insurance Scheme 2017,https://www.nipc.gov.ng/2016/11/23/lagos-begin-health-insurance-scheme-2017/, Nov 23 2016 
Lagos Will Use ICT to Drive Foreign Investment,https://www.nipc.gov.ng/2016/11/23/lagos-will-use-ict-drive-foreign-investment/, Nov 23 2016 
Federal Government Remains Committed to Manufacturing Growth,https://www.nipc.gov.ng/2016/11/22/federal-government-remains-committed-manufacturing-growth/, Nov 22 2016 
Nigeria is Most Viable Telecoms Investment Destination in Africa,https://www.nipc.gov.ng/2016/11/22/nigeria-viable-telecoms-investment-destination-africa/, Nov 22 2016 
Oil Companies Set to Announce New Investments in Nigeria’s Oil and Gas Sector,https://www.nipc.gov.ng/2016/11/22/oil-companies-set-announce-new-investments-nigerias-oil-gas-sector/, Nov 22 2016 
"Singapore Eyes Investment in Nigeria’s Telecom, Oil and Gas Sectors",https://www.nipc.gov.ng/2016/11/22/singapore-eyes-investment-nigerias-telecom-oil-gas-sectors/, Nov 22 2016 
Nigeria Moving Closer to Self Sufficiency in Food Production,https://www.nipc.gov.ng/2016/11/22/nigeria-moving-closer-self-sufficiency-food-production/, Nov 22 2016 
FDI: Most Important Countries want to engage with Nigeria,https://www.nipc.gov.ng/2016/11/21/important-countries-want-discuss-fdi-nigeria/, Nov 21 2016 
Federal Government Resumes Export Expansion Grant in 2017,https://www.nipc.gov.ng/2016/11/20/fg-resumes-export-expansion-grant-2017/, Nov 20 2016 
Enugu Free Trade Zone to Attract $500 Million Investment,https://www.nipc.gov.ng/2016/11/20/enugu-free-trade-zone-attract-500-million-investment/, Nov 20 2016 
Nigeria Has Biggest Potential for Consumer Financing in Africa,https://www.nipc.gov.ng/2016/11/20/nigeria-biggest-potential-consumer-financing-africa/, Nov 20 2016 
Port Harcourt Refinery to Begin Production of Aviation Fuel,https://www.nipc.gov.ng/2016/11/20/port-harcourt-refinery-begin-production-aviation-fuel/, Nov 20 2016 
Brexit will Boost UK-Nigeria Business Ties – Envoy,https://www.nipc.gov.ng/2016/11/20/brexit-will-boost-uk-nigeria-business-ties-envoy/, Nov 20 2016 
Innoson Delivers First Indigenous Vehicles To Military,https://www.nipc.gov.ng/2016/11/20/innoson-delivers-first-indigenous-vehicles-military/, Nov 20 2016 
Why Nigeria’s Oil & Gas Free Zones are Prime Destinations for Foreign Investors,https://www.nipc.gov.ng/2016/11/20/nigerias-oil-gas-free-zones-prime-destinations-foreign-investors/, Nov 20 2016 
Turkish Investors to Invest $100 Million into Abia State,https://www.nipc.gov.ng/2016/11/19/turkish-investors-invest-100-million-abia-state/, Nov 19 2016 
"Minister of Industry, Trade and Investments Outlines Ongoing Initiatives to Boost Investment",https://www.nipc.gov.ng/2016/11/19/minister-industry-trade-investments-outlines-ongoing-initiatives-boos-investment/, Nov 19 2016 
China’s EXIM Bank Commits $1bn to Nigeria’s Railway Projects,https://www.nipc.gov.ng/2016/11/19/chinas-exim-bank-commits-1bn-nigerias-railway-projects/, Nov 19 2016 
Largest shrimp farm in Sub-Saharan Africa Unveiled in Nigeria,https://www.nipc.gov.ng/2016/11/19/largest-shrimp-farm-sub-saharan-africa-unveiled-nigeria/, Nov 19 2016 
FG Set to Establish 6 Special Economic Zones,https://www.nipc.gov.ng/2016/11/19/fg-set-establish-6-special-economic-zones/, Nov 19 2016 
"Nigeria Emerges Number One Internet User in Africa, Eight Worldwide",https://www.nipc.gov.ng/2016/11/19/nigeria-emerges-number-one-internet-user-africa-eight-worldwide/, Nov 19 2016 
Nigeria’s Strong Presentation at ITU bodes well for Future Telecoms Investment in Nigeria,https://www.nipc.gov.ng/2016/11/18/nigerias-strong-presentation-itu-bodes-well-future-telecoms-investment-nigeria/, Nov 18 2016 
China Exim Bank to Spend $1bn on Nigeria’s Economic Zones,https://www.nipc.gov.ng/2016/11/18/china-exim-bank-spend-1bn-nigerias-economic-zones/, Nov 18 2016 
Total Makes US$10 Billion Investments in Nigeria in 5 Years,https://www.nipc.gov.ng/2016/11/18/total-makes-us10-billion-investments-nigeria-5-years/, Nov 18 2016 
NIPC Partners Consortium on Renewable Energy Investment in Nigeria,https://www.nipc.gov.ng/2016/11/18/nipc-partners-consortium-renewable-energy-investment-nigeria/, Nov 18 2016 
Denmark Pledges to Help Nigeria Improve Local Milk Production,https://www.nipc.gov.ng/2016/11/18/denmark-pledges-help-nigeria-improve-local-milk-production/, Nov 18 2016 
Bosch to Bring Nigerian Artisans into the Formal Sector of the Economy,https://www.nipc.gov.ng/2016/11/18/bosch-bring-nigerian-artisans-formal-sector-economy/, Nov 18 2016 
"NIGUS, LTI to invest N2.4bn in North East Read",https://www.nipc.gov.ng/2016/11/17/nigus-lti-invest-n2-4bn-north-east-read/, Nov 17 2016 
FG to Invest $150 Million Into Rural Electrification Projects,https://www.nipc.gov.ng/2016/11/17/fg-invest-150-million-rural-electrification-projects/, Nov 17 2016 
EU Recommits To Nigeria’s Agriculture Development,https://www.nipc.gov.ng/2016/11/17/eu-recommits-nigerias-agriculture-development/, Nov 17 2016 
Why Australia is Investing in Nigeria’s Mining Sector,https://www.nipc.gov.ng/2016/11/17/australia-investing-nigerias-mining-sector/, Nov 17 2016 
World Bank Support for Nigeria’s Agriculture Development Hits $600m,https://www.nipc.gov.ng/2016/11/17/world-bank-support-nigerias-agriculture-development-hits-600m/, Nov 17 2016 
NNPC to Invest in Renewable Energy,https://www.nipc.gov.ng/2016/11/17/nnpc-invest-renewable-energy/, Nov 17 2016 
Nigeria Will Be One of World’s Best Examples in Emission Reduction,https://www.nipc.gov.ng/2016/11/16/nigeria-will-one-worlds-best-examples-emission-reduction/, Nov 16 2016 
Government Restates Commitment to Shipping Sector Development,https://www.nipc.gov.ng/2016/11/16/government-restates-commitment-shipping-sector-development/, Nov 16 2016 
Oil Sector Attracts $393 Million Foreign Investment in 9 Months,https://www.nipc.gov.ng/2016/11/16/oil-sector-attracts-393-million-foreign-investment-9-months/, Nov 16 2016 
"Nigeria, Australia Step Up Partnership in Mining Sector",https://www.nipc.gov.ng/2016/11/16/nigeria-australia-step-partnership-mining-sector/, Nov 16 2016 
Momentum in the African Mining Market – Part 2,https://www.nipc.gov.ng/2016/11/16/momentum-african-mining-market-part-2/, Nov 16 2016 
German Multinational Launches the Bosch Power Box Initiative in Nigeria,https://www.nipc.gov.ng/2016/11/16/german-multinational-launches-bosch-power-box-initiative-nigeria/, Nov 16 2016 
Foreign ‘Investors trooping to Lagos’,https://www.nipc.gov.ng/2016/11/15/foreign-investors-trooping-lagos/, Nov 15 2016 
EU – Nigeria Trade Hit €30 billion in 2015,https://www.nipc.gov.ng/2016/11/15/eu-nigeria-trade-hit-e30-billion-2015/, Nov 15 2016 
Momentum in the African Mining Market,https://www.nipc.gov.ng/2016/11/15/momentum-african-mining-market/, Nov 15 2016 
"FG Commits N51.4 billion to Industrial Clusters, SEZs development",https://www.nipc.gov.ng/2016/11/15/fg-commits-n51-4-billion-industrial-clusters-sezs-development/, Nov 15 2016 
Nigeria will Soon Become Major Power in Rice Exportation,https://www.nipc.gov.ng/2016/11/15/nigeria-will-soon-become-major-power-rice-exportation/, Nov 15 2016 
2000 MW to be Added to National Grid by 2017,https://www.nipc.gov.ng/2016/11/14/2000-mw-added-national-grid-2017/, Nov 14 2016 
Fair to Attract Over $50 billion Investment to Nigeria in Q1 2017,https://www.nipc.gov.ng/2016/11/14/fair-attract-50-billion-investment-nigeria-q1-2017/, Nov 14 2016 
Agribusiness Offers High Return on Investment,https://www.nipc.gov.ng/2016/11/14/agribusiness-offers-high-return-investment/, Nov 14 2016 
FG Considers Incentives for Multinationals’ Listing,https://www.nipc.gov.ng/2016/11/14/fg-considers-incentives-multinationals-listing/, Nov 14 2016 
Buhari to Unveil Economic Recovery Plan in December,https://www.nipc.gov.ng/2016/11/14/buhari-unveil-economic-recovery-plan-december/, Nov 14 2016 
$300 million First Eco-Friendly City in Africa to Be Built in Lagos,https://www.nipc.gov.ng/2016/11/14/300-million-first-eco-friendly-city-africa-built-lagos/, Nov 14 2016 
Kano to Invest N50 million in Textile Design Cluster,https://www.nipc.gov.ng/2016/11/12/kano-invest-n50-million-textile-design-cluster/, Nov 12 2016 
EU Commends Buhari’s Efforts on Economic Diversification,https://www.nipc.gov.ng/2016/11/12/eu-commends-buharis-efforts-economic-diversification/, Nov 12 2016 
FG Commits to Ease of Doing Business to Boost Investment,https://www.nipc.gov.ng/2016/11/12/fg-commits-ease-business-boost-investment/, Nov 12 2016 
FG to Unveil Revised Incentives to Facilitate Trade,https://www.nipc.gov.ng/2016/11/12/fg-unveil-revised-incentives-facilitate-trade/, Nov 12 2016 
Lagos State Government Raises Commercial City’s Business Destination Profile,https://www.nipc.gov.ng/2016/11/12/lagos-state-government-raises-commercial-citys-business-destination-profile/, Nov 12 2016 
Emerging Prospects in the Nigerian Gas Industry: The $51bn Target,https://www.nipc.gov.ng/2016/11/12/emerging-prospects-nigerian-gas-industry-51bn-target/, Nov 12 2016 
Nigeria Signs Investment Protection Agreement With Singapore,https://www.nipc.gov.ng/2016/11/11/nigeria-signs-investment-protection-agreement-singapore/, Nov 11 2016 
85% of Kano Light Rail Project Funds to Come from China,https://www.nipc.gov.ng/2016/11/11/85-kano-light-rail-project-funds-come-china/, Nov 11 2016 
Federal Government Not Reversing Privatisation of Power Sector,https://www.nipc.gov.ng/2016/11/11/federal-government-not-reversing-privatisation-power-sector/, Nov 11 2016 
Potential Clean Energy Investments in Sub-Saharan Africa Valued at $783bn Up to 2030,https://www.nipc.gov.ng/2016/11/11/potential-clean-energy-investments-sub-saharan-africa-valued-783bn-2030/, Nov 11 2016 
Federal Government Invites Russian Farmers to Nigeria,https://www.nipc.gov.ng/2016/11/11/federal-government-invites-russian-farmers-nigeria/, Nov 11 2016 
Nigeria Will Be Agric Powerhouse By 2026 —EU Official,https://www.nipc.gov.ng/2016/11/10/nigeria-will-agric-powerhouse-2026-eu-official/, Nov 10 2016 
Kaduna Electric to Establish $250 million Meter Manufacturing Plant,https://www.nipc.gov.ng/2016/11/10/kaduna-electric-establish-250-million-meter-manufacturing-plant/, Nov 10 2016 
Lagos Global Promoting Investment Opportunities in State,https://www.nipc.gov.ng/2016/11/10/lagos-global-promoting-investment-opportunities-state/, Nov 10 2016 
Japanese Firms to Intensify Local Manufacturing,https://www.nipc.gov.ng/2016/11/10/japanese-firms-intensify-local-manufacturing/, Nov 10 2016 
Kaduna State Launches New Business Licensing Policy,https://www.nipc.gov.ng/2016/11/10/kaduna-state-launches-new-business-licensing-policy/, Nov 10 2016 
"NOUN, World Bank to Train 800 Nigerians",https://www.nipc.gov.ng/2016/11/10/noun-world-bank-train-800-nigerians/, Nov 10 2016 
Capital Imports Into Nigeria Rise By 74.84% In Q3 2016,https://www.nipc.gov.ng/2016/11/10/capital-imports-nigeria-rise-74-84-q3-2016/, Nov 10 2016 
Focus on Dairy Industry,https://www.nipc.gov.ng/2016/11/09/focus-dairy-industry/, Nov 09 2016 
Dangote Plans $20 billion Investment Across Different Sectors,https://www.nipc.gov.ng/2016/11/09/dangote-plans-20-billion-investment-across-different-sectors/, Nov 09 2016 
Maximising The Return On Healthcare Investment In Africa,https://www.nipc.gov.ng/2016/11/09/maximising-return-healthcare-investment-africa/, Nov 09 2016 
ICT Contributes 12.6% to GDP in Second Quarter,https://www.nipc.gov.ng/2016/11/09/ict-contributes-12-6-gdp-second-quarter/, Nov 09 2016 
NAITEOC Sees Outsourcing Creating 5 million Jobs for Nigerians,https://www.nipc.gov.ng/2016/11/09/naiteoc-sees-outsourcing-creating-5-million-jobs-nigerians/, Nov 09 2016 
Yewande Sadiku Assumes Duties at NIPC,https://www.nipc.gov.ng/2016/11/09/nipc-visits-cgoc-agricultural-high-tech-industrial-abuja-park-farm/, Nov 09 2016 
Solar Developer to Drive Renewables in Nigeria,https://www.nipc.gov.ng/2016/11/08/solar-developer-drive-renewables-nigeria/, Nov 08 2016 
"Innoson, Chinese Group Target 7,000 for Technology Transfer",https://www.nipc.gov.ng/2016/11/08/innoson-chinese-group-target-7000-technology-transfer/, Nov 08 2016 
Japan Sets to Explore Opportunities in Nigeria Despite Economic Headwind,https://www.nipc.gov.ng/2016/11/08/japan-sets-explore-opportunities-nigeria-despite-economic-headwind/, Nov 08 2016 
African Economies Show an Upturn,https://www.nipc.gov.ng/2016/11/08/african-economies-show-upturn/, Nov 08 2016 
It Will Now Be Easier to Start a Business in Nigeria,https://www.nipc.gov.ng/2016/11/08/will-now-easier-start-business-nigeria/, Nov 08 2016 
EU to Spend $165 million on Power in Nigeria,https://www.nipc.gov.ng/2016/11/08/eu-spend-165-million-power-nigeria/, Nov 08 2016 
Federal Government Signs Historic Investment Pact With Singapore,https://www.nipc.gov.ng/2016/11/07/federal-government-signs-historic-investment-pact-singapore/, Nov 07 2016 
Nigeria to Add More Than 500 Megawatts to National Grid,https://www.nipc.gov.ng/2016/11/07/nigeria-add-500-megawatts-national-grid/, Nov 07 2016 
Nigerians in diaspora remit $77.06bn to economy in five years,https://www.nipc.gov.ng/2016/11/01/nigerians-diaspora-remit-77-06bn-economy-five-years/, Nov 01 2016 
Investors Laud Conoil’s $6 Million Dividend Payout,https://www.nipc.gov.ng/2016/11/01/investors-laud-conoils-6-million-dividend-payout/, Nov 01 2016 
"Nigeria to Establish Diaspora Commission, Targets $3 Billion Investments",https://www.nipc.gov.ng/2016/11/01/nigeria-establish-diaspora-commission-targets-3-billion-investments/, Nov 01 2016 
AF&C acquires Kano multi-million dollars fertiliser blending company,https://www.nipc.gov.ng/2016/11/01/afc-acquires-kano-multi-million-dollars-fertiliser-blending-company/, Nov 01 2016 
Nigeria Opens First Toothpick And Pencil Factory Saving Millions Of Dollars,https://www.nipc.gov.ng/2016/12/23/nigeria-opens-first-toothpick-pencil-factory-saving-millions-dollars/, Dec 23 2016 
Nigeria Ready For AGOA,https://www.nipc.gov.ng/2016/12/23/nigeria-ready-agoa/, Dec 23 2016 
2017: Year of Results on Ease of Doing Business in Nigeria,https://www.nipc.gov.ng/2016/12/23/2017-year-results-ease-business-nigeria/, Dec 23 2016 
Investing Opportunities in Emerging and Frontier Markets,https://www.nipc.gov.ng/2016/12/23/investing-opportunities-emerging-frontier-markets/, Dec 23 2016 
Lafarge Skills Acquisition Scheme Produce 52 Graduates,https://www.nipc.gov.ng/2016/12/23/lafarge-skills-acquisition-scheme-produce-52-graduates/, Dec 23 2016 
How Oil Could Make India And Nigeria A Power Couple And Regional Leaders,https://www.nipc.gov.ng/2016/12/22/oil-make-india-nigeria-power-couple-regional-leaders/, Dec 22 2016 
May & Baker Nigeria Assures on Good Returns for 2016,https://www.nipc.gov.ng/2016/12/22/may-baker-nigeria-assures-good-returns-2016/, Dec 22 2016 
FIRS to Support Nigerians in Diaspora Willing to Invest in Nigeria,https://www.nipc.gov.ng/2016/12/22/firs-support-nigerians-diaspora-willing-invest-nigeria/, Dec 22 2016 
"SEC, EFCC Mull Greater Protection for Investors",https://www.nipc.gov.ng/2016/12/22/sec-efcc-mull-greater-protection-investors/, Dec 22 2016 
Nigeria Can Become Africa’s Outsourcing Headquarters for Data Science Opportunities,https://www.nipc.gov.ng/2016/12/22/nigeria-can-become-africas-outsourcing-headquarters-data-science-opportunities/, Dec 22 2016 
New Investors Join Scatec Solar for Nova Scotia solar Project in Nigeria,https://www.nipc.gov.ng/2016/12/22/new-investors-join-scatec-solar-nova-scotia-solar-project-nigeria/, Dec 22 2016 
Anambra Attracts $4 Billion Investments in Two Years,https://www.nipc.gov.ng/2016/12/21/anambra-attracts-4-billion-investments-two-years/, Dec 21 2016 
UK to Invest $1 Billion in Nigeria’s Transport Sector,https://www.nipc.gov.ng/2016/12/21/uk-invest-1-billion-nigerias-transport-sector/, Dec 21 2016 
NNPC to Commence Full Repair of Refineries Next Year,https://www.nipc.gov.ng/2016/12/21/nnpc-commence-full-repair-refineries-next-year/, Dec 21 2016 
Government Partners Morocco on Renewable Energy,https://www.nipc.gov.ng/2016/12/21/government-partners-morocco-renewable-energy/, Dec 21 2016 
Nigerian Fintech Startup Paystack Raises $1.3 Million,https://www.nipc.gov.ng/2016/12/21/nigerian-fintech-startup-paystack-raises-1-3-million/, Dec 21 2016 
FG Joins International Energy Charter to Boost Energy Supply,https://www.nipc.gov.ng/2016/12/21/fg-joins-international-energy-charter-boost-energy-supply/, Dec 21 2016 
Nigeria’s Foreign Reserves Hit 5 Month High,https://www.nipc.gov.ng/2016/12/20/nigerias-foreign-reserves-hit-5-month-high/, Dec 20 2016 
Nigeria to Save $25 Million Spent on Chlorine Import by 2017,https://www.nipc.gov.ng/2016/12/20/nigeria-save-25-million-spent-chlorine-import-2017/, Dec 20 2016 
"SPAR, MAN, Others Lead Campaign for Made in Nigeria goods",https://www.nipc.gov.ng/2016/12/20/spar-man-others-lead-campaign-made-nigeria-goods/, Dec 20 2016 
NEPC Prepares Plateau Farmers for Tomato Export,https://www.nipc.gov.ng/2016/12/20/nepc-prepares-plateau-farmers-tomato-export/, Dec 20 2016 
Triton Group Inaugurates Dispatch Facilities for Catfish Farm,https://www.nipc.gov.ng/2016/12/19/triton-group-inaugurates-dispatch-facilities-catfish-farm/, Dec 19 2016 
Dissecting the 10-Point Economic Roadmap,https://www.nipc.gov.ng/2016/12/19/dissecting-10-point-economic-roadmap/, Dec 19 2016 
The Future of On-Grid Solar in Nigeria,https://www.nipc.gov.ng/2016/12/19/future-grid-solar-nigeria/, Dec 19 2016 
CAC to Revolutionise Business Incorporation in Nigeria,https://www.nipc.gov.ng/2016/12/19/cac-revolutionise-business-incorporation-nigeria/, Dec 19 2016 
Tourism Landscape in 2016,https://www.nipc.gov.ng/2016/12/19/tourism-landscape-2016/, Dec 19 2016 
Lagos’ 2017 Budget and Infrastructure Development,https://www.nipc.gov.ng/2016/12/17/lagos-2017-budget-infrastructure-development/, Dec 17 2016 
Nigeria to Become the Solar and Renewable Energy Hub for ECOWAS,https://www.nipc.gov.ng/2016/12/17/nigeria-become-solar-renewable-energy-hub-ecowas/, Dec 17 2016 
South African Airways Pledges Commitment to Nigerian Market,https://www.nipc.gov.ng/2016/12/17/south-african-airways-pledges-commitment-nigerian-market/, Dec 17 2016 
BOI To Invest Additional N10 Billion In Agriculture,https://www.nipc.gov.ng/2016/12/17/boi-invest-additional-n10-billion-agriculture/, Dec 17 2016 
Iran Seeks Partnership with Nigeria,https://www.nipc.gov.ng/2016/12/17/iran-seeks-partnership-nigeria/, Dec 17 2016 
"SON, U.S. Embassy Seek Collaboration on Standards to Address Trade Imbalance",https://www.nipc.gov.ng/2016/12/17/son-u-s-embassy-seek-collaboration-standards-address-trade-imbalance/, Dec 17 2016 
LADOL to Invest US$10 Billion in Nigeria in 5 years,https://www.nipc.gov.ng/2016/12/16/ladol-invest-us10-billion-nigeria-5-years/, Dec 16 2016 
Ogun State Paves Way for Higher Investments in 2017,https://www.nipc.gov.ng/2016/12/16/ogun-state-paves-way-higher-investments-2017/, Dec 16 2016 
Nigeria to sell $63 Million of ‘Green Bonds’ in First Quarter,https://www.nipc.gov.ng/2016/12/16/nigeria-sell-63-million-green-bonds-first-quarter/, Dec 16 2016 
Niger State Woos Indonesian Investors In Textile Manufacturing,https://www.nipc.gov.ng/2016/12/16/niger-state-woos-indonesian-investors-textile-manufacturing/, Dec 16 2016 
Firm Partners CBN on e-Certificate of Capital Importation,https://www.nipc.gov.ng/2016/12/16/firm-partners-cbn-e-certificate-capital-importation/, Dec 16 2016 
How Nigeria is Forging Ties with China on Solid Minerals Sector,https://www.nipc.gov.ng/2016/12/16/nigeria-forging-ties-china-solid-minerals-sector/, Dec 16 2016 
"Ministers Commends Academy Press, Says N2b Investment Shows Confidence in Economy",https://www.nipc.gov.ng/2016/12/15/ministers-commends-academy-press-says-n2b-investment-shows-confidence-economy/, Dec 15 2016 
"South Africa, Nigeria Adopt Two-year Action Plan on Cooperation in Mining",https://www.nipc.gov.ng/2016/12/15/south-africa-nigeria-adopt-two-year-action-plan-cooperation-mining/, Dec 15 2016 
Nigeria Launches First Digital Agriculture Platform,https://www.nipc.gov.ng/2016/12/15/nigeria-launches-first-digital-agriculture-platform/, Dec 15 2016 
23 Year Old CEO is Upgrading Nigeria’s Workforce with Slatecube,https://www.nipc.gov.ng/2016/12/15/23-year-old-ceo-upgrading-nigerias-workforce-slatecube/, Dec 15 2016 
ICCN to Assist Nigeria Deepen Foreign Direct Investment,https://www.nipc.gov.ng/2016/12/15/iccn-assist-nigeria-deepen-foreign-direct-investment/, Dec 15 2016 
Federal Government Proposes 2017 Budget with a 20% Increase in Spending,https://www.nipc.gov.ng/2016/12/15/federal-government-proposes-2017-budget-20-increase-spending/, Dec 15 2016 
FG Grants 50-year Concessions to Deep Seaport Projects,https://www.nipc.gov.ng/2016/12/14/fg-grants-50-year-concessions-deep-seaport-projects/, Dec 14 2016 
"Plateau Partners U.S., U.K. Investors on Agriculture Research, Training",https://www.nipc.gov.ng/2016/12/14/plateau-partners-u-s-u-k-investors-agriculture-research-training/, Dec 14 2016 
Foreign Investors Set to Boost Healthcare in Nigeria,https://www.nipc.gov.ng/2016/12/14/foreign-investors-set-boost-healthcare-nigeria/, Dec 14 2016 
Lagos Launches Solid Waste Management Reform,https://www.nipc.gov.ng/2016/12/14/lagos-launches-solid-waste-management-reform/, Dec 14 2016 
FG Moves to Address Bottlenecks in Textile Sector,https://www.nipc.gov.ng/2016/12/14/fg-moves-address-bottlenecks-textile-sector/, Dec 14 2016 
Financial Expert Optimistic Capital Market will Rebound in 2017,https://www.nipc.gov.ng/2016/12/14/financial-expert-optimistic-capital-market-will-rebound-2017/, Dec 14 2016 
FG To Provide Support For Export Of 200m SIM Cards Offshore,https://www.nipc.gov.ng/2016/12/13/fg-provide-support-export-200m-sim-cards-offshore/, Dec 13 2016 
"Retail Consumption Hits $388 Billion Yearly, May Rise to $1.4 Trillion by 2030",https://www.nipc.gov.ng/2016/12/13/retail-consumption-hits-388-billion-yearly-may-rise-1-4-trillion-2030/, Dec 13 2016 
Moody’s Affirms Nigeria’s B1 Rating with a Stable Outlook,https://www.nipc.gov.ng/2016/12/13/moodys-affirms-nigerias-b1-rating-stable-outlook/, Dec 13 2016 
Copyright Commission to Go Digital,https://www.nipc.gov.ng/2016/12/13/copyright-commission-go-digital/, Dec 13 2016 
Brian & Hammers to Invest N168bn in Kano,https://www.nipc.gov.ng/2016/12/13/brian-hammers-invest-n168bn-kano/, Dec 13 2016 
Strong Growth Opportunities in Nigeria and South Africa Cement Additives Markets,https://www.nipc.gov.ng/2016/12/12/strong-growth-opportunities-nigeria-south-africa-cement-additives-markets/, Dec 12 2016 
Multi-billion Dollar MoAs Signed by Companies to Develop Nigeria’s Oil and Gas Infrastructure,https://www.nipc.gov.ng/2016/12/12/multi-billion-dollar-moas-signed-companies-develop-nigerias-oil-gas-infrastructure/, Dec 12 2016 
Work Begins on $50 Million Modular Refinery in Akwa Ibom,https://www.nipc.gov.ng/2016/12/12/work-begins-50-millioh-modular-refinery-akwa-ibom/, Dec 12 2016 
Jaguar Land Rover Optimistic about Rebound of Nigeria’s Auto Industry,https://www.nipc.gov.ng/2016/12/12/jaguar-land-rover-optimistic-rebound-nigerias-auto-industry/, Dec 12 2016 
"IFC, SEC Nigeria Collaborate to Strengthen Market Integrity, Boost Foreign Investment",https://www.nipc.gov.ng/2016/12/12/ifc-sec-nigeria-collaborate-strengthen-market-integrity-boost-foreign-investment/, Dec 12 2016 
"No Plans to Exit Nigerian Market, Says RwandAir",https://www.nipc.gov.ng/2016/12/12/no-plans-exit-nigerian-market-says-rwandair/, Dec 12 2016 
Publix Pharmaceutical Births in Nigeria,https://www.nipc.gov.ng/2016/12/10/publix-pharmaceutical-births-nigeria/, Dec 10 2016 
India to Increase Crude Oil Import from Nigeria,https://www.nipc.gov.ng/2016/12/10/india-increase-crude-oil-import-nigeria/, Dec 10 2016 
"Stallion Nissan Bags ISO Certification, Showroom of the Year Award",https://www.nipc.gov.ng/2016/12/10/stallion-nissan-bags-iso-certification-showroom-year-award/, Dec 10 2016 
Nigerians Welcome First Beer Festival to Spur Economic Growth,https://www.nipc.gov.ng/2016/12/10/nigerians-welcome-first-beer-festival-spur-economic-growth/, Dec 10 2016 
NBC Hellenic Investment in Nigeria Hits $600 Million,https://www.nipc.gov.ng/2016/12/10/nbc-hellenic-investment-nigeria-hits-600-million/, Dec 10 2016 
Nigerian IT Firm Wins Cisco International Award,https://www.nipc.gov.ng/2016/12/10/nigerian-firm-wins-cisco-international-award/, Dec 10 2016 
Federal Government Plans $3.2 Billion Capital Base for Bank of Agriculture,https://www.nipc.gov.ng/2016/12/09/federal-government-plans-3-2-billion-capital-base-bank-agriculture/, Dec 09 2016 
Uber and Lagos State Partner to Provide Access to Vehicle Finance,https://www.nipc.gov.ng/2016/12/09/uber-lagos-state-partner-provide-access-vehicle-finance/, Dec 09 2016 
Nigeria Has Potential for Climate-Smart Investment,https://www.nipc.gov.ng/2016/12/09/nigeria-potential-climate-smart-investment/, Dec 09 2016 
"Automotive Policy to Create 700,000 Jobs, Says NIPC",https://www.nipc.gov.ng/2016/12/09/automotive-policy-create-700000-jobs-says-nipc/, Dec 09 2016 
Nigeria Targets 7% Growth with Economic Recovery Plan,https://www.nipc.gov.ng/2016/12/09/nigeria-targets-7-growth-economic-recovery-plan/, Dec 09 2016 
"Minister of Industry, Trade and Investment Assures the Private Sector of Favourable Policies",https://www.nipc.gov.ng/2016/12/09/minister-industry-trade-investment-assures-private-sector-favourable-policies/, Dec 09 2016 
BOI to Invest N1.7 Billion in Modern Arts,https://www.nipc.gov.ng/2016/12/08/boi-invest-n1-7-billion-modern-arts/, Dec 08 2016 
Quest to Digitize Operations at Nigerian Ports Heightens,https://www.nipc.gov.ng/2016/12/08/quest-digitize-operations-nigerian-ports-heightens/, Dec 08 2016 
Survey Shows Positive Prospect of Business Expansion,https://www.nipc.gov.ng/2016/12/08/survey-shows-positive-prospect-business-expansion/, Dec 08 2016 
Honeywell to Invest N64 Billion in Food Processing Facility,https://www.nipc.gov.ng/2016/12/08/honeywell-invest-n64-billion-food-processing-facility/, Dec 08 2016 
AfDB Implements 55 Projects in Nigeria at a Cost of $5.2 Billion,https://www.nipc.gov.ng/2016/12/08/afdb-implements-55-projects-nigeria-cost-5-2-billion/, Dec 08 2016 
"NIRSAL, Group Crédit Agricole (GCAM) seal pact",https://www.nipc.gov.ng/2016/12/08/nirsal-group-credit-agricole-gcam-seal-pact/, Dec 08 2016 
"Heirs Holdings, Moroccan Firm Sign MoU",https://www.nipc.gov.ng/2016/12/07/heirs-holdings-moroccan-firm-sign-mou/, Dec 07 2016 
"EU Commits €20m For Reconstruction Of North East, Niger Delta",https://www.nipc.gov.ng/2016/12/07/eu-commits-e20m-reconstruction-north-east-niger-delta/, Dec 07 2016 
Nigeria to Encourage Tomato Paste Processing,https://www.nipc.gov.ng/2016/12/07/nigeria-encourage-tomato-paste-processing/, Dec 07 2016 
Akwa Ibom Seeks Investors in Sustainable Development Projects,https://www.nipc.gov.ng/2016/12/07/akwa-ibom-seeks-investors-sustainable-development-projects/, Dec 07 2016 
"Morocco King, Nigerian President Launch Construction Project",https://www.nipc.gov.ng/2016/12/07/morocco-king-nigerian-president-launch-construction-project/, Dec 07 2016 
"Government to Roll Out Policy to Protect Manufacturers, Farmers",https://www.nipc.gov.ng/2016/12/06/government-roll-policy-protect-manufacturers-farmers/, Dec 06 2016 
"2017 Will Be Good For Businesses, Experts Project",https://www.nipc.gov.ng/2016/12/06/2017-will-good-businesses-experts-project/, Dec 06 2016 
Arab Investors Eye Nigerian Tourism sector,https://www.nipc.gov.ng/2016/12/06/arab-investors-eye-nigerian-tourism-sector/, Dec 06 2016 
Group of Agro Allied Investors to Invest in Akwa Ibom,https://www.nipc.gov.ng/2016/12/06/group-agro-allied-investors-invest-akwa-ibom/, Dec 06 2016 
"AfDB: $10 Million Tech-focus Investment to Target Nigeria, Five Others",https://www.nipc.gov.ng/2016/12/06/afdb-10-million-tech-focus-investment-target-nigeria-five-others/, Dec 06 2016 
Chinese Company to Invest $30 Million in Nigeria Automobile  Industry,https://www.nipc.gov.ng/2016/12/06/chinese-company-invest-30-million-nigeria-automobile-industry/, Dec 06 2016 
Reviewed Automotive Policy Ready in Six Months,https://www.nipc.gov.ng/2016/12/05/reviewed-automotive-policy-ready-six-months/, Dec 05 2016 
Ugwuanyi Pioneers Industrial Revolution in Enugu,https://www.nipc.gov.ng/2016/12/05/ugwuanyi-pioneers-industrial-revolution-enugu/, Dec 05 2016 
"Foreign Consortium, NNPC to Build $340 Million Ethanol Plant in Benue",https://www.nipc.gov.ng/2016/12/05/foreign-consortium-nnpc-build-340-million-ethanol-plant-benue/, Dec 05 2016 
"Dangote, Indorama Invest $4 Billion in Nigeria’s Fertiliser Sector",https://www.nipc.gov.ng/2016/12/05/dangote-indorama-invest-4-billion-nigerias-fertiliser-sector/, Dec 05 2016 
Okowa Inaugurates $100 Million Asaba Shopping Mall,https://www.nipc.gov.ng/2016/12/05/okowa-inaugurates-100-million-asaba-shopping-mall/, Dec 05 2016 
Nigeria and China Sign Agreement on Mining Cooperation,https://www.nipc.gov.ng/2016/12/05/nigeria-china-sign-agreement-mining-cooperation/, Dec 05 2016 
Largest Ever Investment in Off-grid Solar: Lumos Global raises $90 million,https://www.nipc.gov.ng/2016/12/03/largest-ever-investment-off-grid-solar-lumos-global-raises-90-million/, Dec 03 2016 
"Nigeria, Morocco Set to Deepen Bilateral Trade",https://www.nipc.gov.ng/2016/12/03/nigeria-morocco-set-deepen-bilateral-trade/, Dec 03 2016 
Deepak Khilnani Outlines Investment Plan in the Nigerian Energy Sector,https://www.nipc.gov.ng/2016/12/03/deepak-khilnani-outlines-investment-plan-nigerian-energy-sector/, Dec 03 2016 
Guinness Nigeria Commences Spirit Manufacturing,https://www.nipc.gov.ng/2016/12/03/guinness-nigeria-commences-spirit-manufacturing/, Dec 03 2016 
"Nigeria is Highly Important for Global Market, says Aramex",https://www.nipc.gov.ng/2016/12/03/nigeria-highly-important-global-market-says-aramex/, Dec 03 2016 
Nigerian Cabinet Approves 20% Increase in Spending for 2017,https://www.nipc.gov.ng/2016/12/02/nigerian-cabinet-approves-20-increase-spending-2017/, Dec 02 2016 
Silicon Lagoon: Africa’s Tech Revolution Heads West,https://www.nipc.gov.ng/2016/12/02/silicon-lagoon-africas-tech-revolution-heads-west/, Dec 02 2016 
Nigeria Rolling Out Investment Incentives to Improve Power Generation,https://www.nipc.gov.ng/2016/12/02/nigeria-rolling-investment-incentives-improve-power-generation/, Dec 02 2016 
"Dangote Plans 250,000 tpa Rice Mill in Kano to Process Harvest from States",https://www.nipc.gov.ng/2016/12/02/dangote-plans-250000-tpa-rice-mill-kano-process-harvest-states/, Dec 02 2016 
"ISON BPO Plans $100 Million Investments in Nigeria, SSA by February 2017",https://www.nipc.gov.ng/2016/12/01/ison-bpo-plans-100-million-investments-nigeria-ssa-february-2017/, Dec 01 2016 
Ghanaian Power Firm Coming to Lagos,https://www.nipc.gov.ng/2016/12/01/ghanaian-power-firm-coming-lagos/, Dec 01 2016 
"Lagos, Firm in N85 Billion Waste Management Deal",https://www.nipc.gov.ng/2016/12/01/lagos-firm-n85-billion-waste-management-deal/, Dec 01 2016 
"Lagos’ 2017 Budget Targets Infrastructure Renewal, Tourism, Investment",https://www.nipc.gov.ng/2016/12/01/lagos-2017-budget-targets-infrastructure-renewal-tourism-investment/, Dec 01 2016 
Dangote to Invest $3 Billion in Energy Sector,https://www.nipc.gov.ng/2016/12/01/dangote-invest-3-billion-energy-sector/, Dec 01 2016 
FCMB Reports 596% Profit Growth in Q3 2016,https://www.nipc.gov.ng/2016/12/01/fcmb-reports-596-profit-growth-q3-2016/, Dec 01 2016 
